{"cameraMode":{"drawMode":0,"name":"Shaded","section":"Shading Mode"},"sceneLighting":true,"audioPlay":false,"sceneViewState":{"m_AlwaysRefresh":false,"showFog":true,"showSkybox":true,"showFlares":true,"showImageEffects":true,"showParticleSystems":true,"showVisualEffectGraphs":true,"m_FxEnabled":true},"in2DMode":false,"pivot":{"x":19.929962158203126,"y":16.243600845336915,"z":39.74351501464844},"rotation":{"x":0.08204387128353119,"y":-0.0371050126850605,"z":-0.0031983223743736746,"w":-0.9960112571716309},"size":34.60192108154297,"orthographic":false}