{"cameraMode":{"drawMode":0,"name":"Shaded","section":"Shading Mode"},"sceneLighting":true,"audioPlay":false,"sceneViewState":{"m_AlwaysRefresh":false,"showFog":true,"showSkybox":true,"showFlares":true,"showImageEffects":true,"showParticleSystems":true,"showVisualEffectGraphs":true,"m_FxEnabled":true},"in2DMode":false,"pivot":{"x":152.57289123535157,"y":171.39088439941407,"z":-19.75885009765625},"rotation":{"x":-0.009308725595474244,"y":0.019755203276872636,"z":-0.00012449001951608807,"w":-0.9998571872711182},"size":396.71136474609377,"orthographic":false}