{"cameraMode":{"drawMode":0,"name":"Shaded","section":"Shading Mode"},"sceneLighting":true,"audioPlay":false,"sceneViewState":{"m_AlwaysRefresh":false,"showFog":true,"showSkybox":true,"showFlares":true,"showImageEffects":true,"showParticleSystems":true,"showVisualEffectGraphs":true,"m_FxEnabled":true},"in2DMode":false,"pivot":{"x":-0.09796962141990662,"y":1.9223644733428956,"z":33.80426025390625},"rotation":{"x":0.007191082462668419,"y":-0.008728517219424248,"z":-0.00014471115719061345,"w":-1.0000046491622925},"size":25.42062759399414,"orthographic":false}