{"cameraMode":{"drawMode":0,"name":"Shaded","section":"Shading Mode"},"sceneLighting":false,"audioPlay":false,"sceneViewState":{"m_AlwaysRefresh":false,"showFog":true,"showSkybox":false,"showFlares":true,"showImageEffects":true,"showParticleSystems":true,"showVisualEffectGraphs":true,"m_FxEnabled":true},"in2DMode":false,"pivot":{"x":-5.089237213134766,"y":2.988445281982422,"z":-2.1522302627563478},"rotation":{"x":0.38835176825523379,"y":-0.11235101521015167,"z":0.047833722084760669,"w":0.9134618043899536},"size":13.610860824584961,"orthographic":false}