{"cameraMode":{"drawMode":0,"name":"Shaded","section":"Shading Mode"},"sceneLighting":false,"audioPlay":false,"sceneViewState":{"m_AlwaysRefresh":false,"showFog":true,"showSkybox":false,"showFlares":true,"showImageEffects":true,"showParticleSystems":true,"showVisualEffectGraphs":true,"m_FxEnabled":true},"in2DMode":false,"pivot":{"x":3.454958438873291,"y":-0.11160849034786225,"z":0.8119617700576782},"rotation":{"x":0.5089370608329773,"y":-0.014951995573937893,"z":0.008912334218621254,"w":0.8607075810432434},"size":8.391846656799317,"orthographic":false}