{"cameraMode":{"drawMode":0,"name":"Shaded","section":"Shading Mode"},"sceneLighting":true,"audioPlay":false,"sceneViewState":{"m_AlwaysRefresh":false,"showFog":true,"showSkybox":true,"showFlares":true,"showImageEffects":true,"showParticleSystems":true,"showVisualEffectGraphs":true,"m_FxEnabled":true},"in2DMode":false,"pivot":{"x":2.925780773162842,"y":-0.45514601469039919,"z":5.002344608306885},"rotation":{"x":-0.44159650802612307,"y":-0.02323802188038826,"z":0.013751364313066006,"w":-0.8970563411712647},"size":16.3865909576416,"orthographic":false}